{"stats":{"minecraft:used":{"minecraft:cherry_wood":1,"minecraft:bamboo_trapdoor":11,"minecraft:water_bucket":2,"minecraft:diorite":2,"minecraft:fishing_rod":2,"minecraft:repeater":2,"minecraft:dirt":5,"minecraft:mangrove_trapdoor":5,"minecraft:command_block":5,"minecraft:heavy_weighted_pressure_plate":9,"minecraft:iron_block":21,"minecraft:grass_block":1,"minecraft:spruce_button":1,"minecraft:gold_block":1,"minecraft:chain_command_block":5,"minecraft:stone_button":1,"minecraft:quartz_block":13,"minecraft:cherry_trapdoor":16,"minecraft:repeating_command_block":8,"minecraft:chiseled_quartz_block":19,"minecraft:stone":2,"minecraft:smooth_quartz":21,"minecraft:redstone_block":5,"minecraft:stripped_jungle_wood":1,"minecraft:chiseled_nether_bricks":50,"minecraft:smooth_stone":22,"minecraft:bamboo_button":1},"minecraft:custom":{"minecraft:time_since_rest":1616,"minecraft:crouch_one_cm":7767,"minecraft:sprint_one_cm":54813,"minecraft:play_time":60562,"minecraft:deaths":22,"minecraft:walk_one_cm":88179,"minecraft:sneak_time":4037,"minecraft:walk_under_water_one_cm":777,"minecraft:jump":598,"minecraft:leave_game":8,"minecraft:walk_on_water_one_cm":833,"minecraft:time_since_death":1616,"minecraft:climb_one_cm":339,"minecraft:total_world_time":82339,"minecraft:fall_one_cm":15249,"minecraft:fly_one_cm":742986}},"DataVersion":3465}