{"stats":{"minecraft:dropped":{"minecraft:fishing_rod":1,"minecraft:redstone_block":1},"minecraft:picked_up":{"minecraft:fishing_rod":1,"minecraft:redstone_block":1},"minecraft:custom":{"minecraft:time_since_rest":2798,"minecraft:crouch_one_cm":3537,"minecraft:play_time":12403,"minecraft:sprint_one_cm":40022,"minecraft:walk_one_cm":16446,"minecraft:damage_taken":40,"minecraft:deaths":30,"minecraft:sneak_time":1121,"minecraft:walk_under_water_one_cm":702,"minecraft:drop":2,"minecraft:jump":290,"minecraft:leave_game":1,"minecraft:time_since_death":2795,"minecraft:walk_on_water_one_cm":124,"minecraft:total_world_time":12403,"minecraft:climb_one_cm":924,"minecraft:fall_one_cm":27220,"minecraft:fly_one_cm":154050},"minecraft:used":{"minecraft:dark_prismarine":3,"minecraft:fishing_rod":13,"minecraft:dark_prismarine_slab":2,"minecraft:heavy_weighted_pressure_plate":7,"minecraft:iron_block":4,"minecraft:redstone_block":1}},"DataVersion":3465}